<?xml version="1.0" encoding="UTF-8" standalone="yes"?>
<ns2:ExportManifest xmlns:ns2="http://www.pentaho.com/schema/">
    <ExportManifestInformation exportDate="01-07-2020 07:34:53 CEST" exportBy="admin" rootFolder="/public/" manifestVersion="2"/>
    <ExportManifestEntity path="DashboardVisados.cda">
        <ExportManifestProperty>
            <EntityMetaData name="DashboardVisados.cda" createdDate="2020-06-18T20:56:18.165+02:00" isFolder="false" path="DashboardVisados.cda" isHidden="false" isSchedulable="true" locale="es_ES" title="DashboardVisados.cda"/>
        </ExportManifestProperty>
        <ExportManifestProperty>
            <EntityAcl>
                <entriesInheriting>true</entriesInheriting>
                <owner>admin</owner>
                <ownerType>USER</ownerType>
            </EntityAcl>
        </ExportManifestProperty>
    </ExportManifestEntity>
</ns2:ExportManifest>
