<Schema name="tin">
  <Dimension name="D edad">
    <Hierarchy name="D edadinf" hasAll="true" primaryKey="idd_edad">
      <Table name="d_edad" schema="tin"/>
      <Level name="D edadinf" uniqueMembers="false" column="d_edadinf" type="Numeric">
      </Level>
    </Hierarchy>
    <Hierarchy name="D edadsup" hasAll="true" primaryKey="idd_edad">
      <Table name="d_edad" schema="tin"/>
      <Level name="D edadsup" uniqueMembers="false" column="d_edadsup" type="Numeric">
      </Level>
    </Hierarchy>
    <Hierarchy name="Idd edad" hasAll="true" primaryKey="idd_edad">
      <Table name="d_edad" schema="tin"/>
      <Level name="Idd edad" uniqueMembers="false" column="idd_edad" type="Numeric">
      </Level>
    </Hierarchy>
  </Dimension>
  <Dimension name="D region">
    <Hierarchy name="Des continente" hasAll="true" primaryKey="idd_pais">
      <Table name="d_region" schema="tin"/>
      <Level name="Des continente" uniqueMembers="false" column="des_continente" type="String">
      </Level>
    </Hierarchy>
    <Hierarchy name="Des pais" hasAll="true" primaryKey="idd_pais">
      <Table name="d_region" schema="tin"/>
      <Level name="Des pais" uniqueMembers="false" column="des_pais" type="String">
      </Level>
    </Hierarchy>
    <Hierarchy name="Idd pais" hasAll="true" primaryKey="idd_pais">
      <Table name="d_region" schema="tin"/>
      <Level name="Idd pais" uniqueMembers="false" column="idd_pais" type="Numeric">
      </Level>
    </Hierarchy>
  </Dimension>
  <Dimension name="D sexo">
    <Hierarchy name="Des sexo" hasAll="true" primaryKey="idd_sexo">
      <Table name="d_sexo" schema="tin"/>
      <Level name="Des sexo" uniqueMembers="false" column="des_sexo" type="String">
      </Level>
    </Hierarchy>
    <Hierarchy name="Idd sexo" hasAll="true" primaryKey="idd_sexo">
      <Table name="d_sexo" schema="tin"/>
      <Level name="Idd sexo" uniqueMembers="false" column="idd_sexo" type="Numeric">
      </Level>
    </Hierarchy>
  </Dimension>
  <Dimension name="D tiempo">
    <Hierarchy name="Anio Tiempocol" hasAll="true" primaryKey="idd_Tiempo">
      <Table name="d_tiempo" schema="tin"/>
      <Level name="Anio Tiempocol" uniqueMembers="false" column="anio_Tiempocol" type="Numeric">
      </Level>
    </Hierarchy>
    <Hierarchy name="Idd Tiempo" hasAll="true" primaryKey="idd_Tiempo">
      <Table name="d_tiempo" schema="tin"/>
      <Level name="Idd Tiempo" uniqueMembers="false" column="idd_Tiempo" type="Numeric">
      </Level>
    </Hierarchy>
  </Dimension>
  <Dimension name="D tipo">
    <Hierarchy name="D tipocol" hasAll="true" primaryKey="idd_tipo">
      <Table name="d_tipo" schema="tin"/>
      <Level name="D tipocol" uniqueMembers="false" column="d_tipocol" type="String">
      </Level>
    </Hierarchy>
    <Hierarchy name="Idd tipo" hasAll="true" primaryKey="idd_tipo">
      <Table name="d_tipo" schema="tin"/>
      <Level name="Idd tipo" uniqueMembers="false" column="idd_tipo" type="Numeric">
      </Level>
    </Hierarchy>
  </Dimension>
  <Cube name="tin">
    <Table name="f_visados" schema="tin"/>
    <DimensionUsage name="D edad" source="D edad" foreignKey="idd_edad"/>
    <DimensionUsage name="D region" source="D region" foreignKey="idd_region"/>
    <DimensionUsage name="D sexo" source="D sexo" foreignKey="idd_sexo"/>
    <DimensionUsage name="D tiempo" source="D tiempo" foreignKey="idd_tiempo"/>
    <DimensionUsage name="D tipo" source="D tipo" foreignKey="idd_tipo"/>
    <Measure name="Num visados" column="num_visados" aggregator="sum"/>
  </Cube>
</Schema>