<?xml version="1.0" encoding="UTF-8" standalone="yes"?>
<ns2:ExportManifest xmlns:ns2="http://www.pentaho.com/schema/">
    <ExportManifestInformation exportDate="01-07-2020 07:33:03 CEST" exportBy="admin" rootFolder="/public/" manifestVersion="2"/>
    <ExportManifestEntity path="DashboardVisados.wcdf">
        <ExportManifestProperty>
            <EntityMetaData name="DashboardVisados.wcdf" createdDate="2020-06-18T20:24:39.672+02:00" isFolder="false" path="DashboardVisados.wcdf" isHidden="false" isSchedulable="true" locale="es_ES" description="DashboardVisados" title="DashboardVisados"/>
        </ExportManifestProperty>
        <ExportManifestProperty>
            <EntityAcl>
                <entriesInheriting>true</entriesInheriting>
                <owner>admin</owner>
                <ownerType>USER</ownerType>
            </EntityAcl>
        </ExportManifestProperty>
    </ExportManifestEntity>
</ns2:ExportManifest>
